{
  "HTTP 要求: Step3: Change Avatar" : {
    "transaction" : "HTTP 要求: Step3: Change Avatar",
    "sampleCount" : 100,
    "errorCount" : 0,
    "errorPct" : 0.0,
    "meanResTime" : 4913.910000000001,
    "medianResTime" : 5148.5,
    "minResTime" : 1974.0,
    "maxResTime" : 7140.0,
    "pct1ResTime" : 6587.0,
    "pct2ResTime" : 6978.0999999999985,
    "pct3ResTime" : 7139.089999999999,
    "throughput" : 12.863390789812193,
    "receivedKBytesPerSec" : 14.076870819397993,
    "sentKBytesPerSec" : 8.755647832518651
  },
  "HTTP 要求: Step2: Profile" : {
    "transaction" : "HTTP 要求: Step2: Profile",
    "sampleCount" : 100,
    "errorCount" : 0,
    "errorPct" : 0.0,
    "meanResTime" : 831.1900000000002,
    "medianResTime" : 333.5,
    "minResTime" : 135.0,
    "maxResTime" : 4597.0,
    "pct1ResTime" : 2281.8,
    "pct2ResTime" : 2997.0999999999995,
    "pct3ResTime" : 4587.289999999995,
    "throughput" : 16.680567139282736,
    "receivedKBytesPerSec" : 18.00979983319433,
    "sentKBytesPerSec" : 9.18734361968307
  },
  "Total" : {
    "transaction" : "Total",
    "sampleCount" : 300,
    "errorCount" : 0,
    "errorPct" : 0.0,
    "meanResTime" : 4879.196666666672,
    "medianResTime" : 5148.5,
    "minResTime" : 135.0,
    "maxResTime" : 12008.0,
    "pct1ResTime" : 8996.300000000001,
    "pct2ResTime" : 9098.75,
    "pct3ResTime" : 10060.210000000006,
    "throughput" : 17.7767243422612,
    "receivedKBytesPerSec" : 16.805717068618154,
    "sentKBytesPerSec" : 9.53647191277554
  },
  "HTTP 要求: Step1: Login" : {
    "transaction" : "HTTP 要求: Step1: Login",
    "sampleCount" : 100,
    "errorCount" : 0,
    "errorPct" : 0.0,
    "meanResTime" : 8892.490000000003,
    "medianResTime" : 8864.0,
    "minResTime" : 8290.0,
    "maxResTime" : 12008.0,
    "pct1ResTime" : 9219.5,
    "pct2ResTime" : 9307.75,
    "pct3ResTime" : 11995.099999999993,
    "throughput" : 7.822889775483063,
    "receivedKBytesPerSec" : 5.179608659938982,
    "sentKBytesPerSec" : 2.9565022881952596
  }
}