{
  "HTTP 要求: Step3: Change Avatar" : {
    "transaction" : "HTTP 要求: Step3: Change Avatar",
    "sampleCount" : 1000,
    "errorCount" : 0,
    "errorPct" : 0.0,
    "meanResTime" : 32742.555000000015,
    "medianResTime" : 31557.5,
    "minResTime" : 1415.0,
    "maxResTime" : 73867.0,
    "pct1ResTime" : 55864.6,
    "pct2ResTime" : 59875.29999999998,
    "pct3ResTime" : 66925.19,
    "throughput" : 10.207518858391092,
    "receivedKBytesPerSec" : 11.21126485831964,
    "sentKBytesPerSec" : 6.947891254197843
  },
  "HTTP 要求: Step2: Profile" : {
    "transaction" : "HTTP 要求: Step2: Profile",
    "sampleCount" : 1000,
    "errorCount" : 0,
    "errorPct" : 0.0,
    "meanResTime" : 14388.020000000004,
    "medianResTime" : 8758.5,
    "minResTime" : 404.0,
    "maxResTime" : 78187.0,
    "pct1ResTime" : 35232.19999999999,
    "pct2ResTime" : 52294.349999999955,
    "pct3ResTime" : 67445.98,
    "throughput" : 7.049402210692533,
    "receivedKBytesPerSec" : 7.639335289836172,
    "sentKBytesPerSec" : 3.882678561357997
  },
  "Total" : {
    "transaction" : "Total",
    "sampleCount" : 3000,
    "errorCount" : 0,
    "errorPct" : 0.0,
    "meanResTime" : 46253.70900000002,
    "medianResTime" : 34777.0,
    "minResTime" : 404.0,
    "maxResTime" : 156869.0,
    "pct1ResTime" : 93751.9,
    "pct2ResTime" : 105595.8999999999,
    "pct3ResTime" : 138478.72999999998,
    "throughput" : 18.563207722294415,
    "receivedKBytesPerSec" : 17.59871855856692,
    "sentKBytesPerSec" : 9.982558319410927
  },
  "HTTP 要求: Step1: Login" : {
    "transaction" : "HTTP 要求: Step1: Login",
    "sampleCount" : 1000,
    "errorCount" : 0,
    "errorPct" : 0.0,
    "meanResTime" : 91630.552,
    "medianResTime" : 88720.0,
    "minResTime" : 17228.0,
    "maxResTime" : 156869.0,
    "pct1ResTime" : 113763.09999999999,
    "pct2ResTime" : 129753.74999999996,
    "pct3ResTime" : 147628.44,
    "throughput" : 6.336814356686606,
    "receivedKBytesPerSec" : 4.195664193196796,
    "sentKBytesPerSec" : 2.41962345064889
  }
}