{
  "HTTP 要求: Step3: Change Avatar" : {
    "transaction" : "HTTP 要求: Step3: Change Avatar",
    "sampleCount" : 200,
    "errorCount" : 0,
    "errorPct" : 0.0,
    "meanResTime" : 7887.090000000003,
    "medianResTime" : 8414.5,
    "minResTime" : 951.0,
    "maxResTime" : 13038.0,
    "pct1ResTime" : 11394.6,
    "pct2ResTime" : 12123.849999999999,
    "pct3ResTime" : 13014.800000000003,
    "throughput" : 13.701445502500514,
    "receivedKBytesPerSec" : 14.993181390011646,
    "sentKBytesPerSec" : 9.326081557854353
  },
  "HTTP 要求: Step2: Profile" : {
    "transaction" : "HTTP 要求: Step2: Profile",
    "sampleCount" : 200,
    "errorCount" : 0,
    "errorPct" : 0.0,
    "meanResTime" : 1848.6549999999997,
    "medianResTime" : 1035.0,
    "minResTime" : 77.0,
    "maxResTime" : 11803.0,
    "pct1ResTime" : 3804.0000000000005,
    "pct2ResTime" : 7282.299999999997,
    "pct3ResTime" : 8961.550000000001,
    "throughput" : 14.434180138568129,
    "receivedKBytesPerSec" : 15.583558115617784,
    "sentKBytesPerSec" : 7.9500757794457275
  },
  "Total" : {
    "transaction" : "Total",
    "sampleCount" : 600,
    "errorCount" : 0,
    "errorPct" : 0.0,
    "meanResTime" : 9263.106666666663,
    "medianResTime" : 8470.0,
    "minResTime" : 77.0,
    "maxResTime" : 30264.0,
    "pct1ResTime" : 17398.0,
    "pct2ResTime" : 18706.999999999985,
    "pct3ResTime" : 28410.91,
    "throughput" : 18.811725975858284,
    "receivedKBytesPerSec" : 17.783449600250822,
    "sentKBytesPerSec" : 10.091707164132309
  },
  "HTTP 要求: Step1: Login" : {
    "transaction" : "HTTP 要求: Step1: Login",
    "sampleCount" : 200,
    "errorCount" : 0,
    "errorPct" : 0.0,
    "meanResTime" : 18053.575000000008,
    "medianResTime" : 17147.0,
    "minResTime" : 16365.0,
    "maxResTime" : 30264.0,
    "pct1ResTime" : 20445.600000000002,
    "pct2ResTime" : 23873.999999999996,
    "pct3ResTime" : 30142.68,
    "throughput" : 6.514657980456026,
    "receivedKBytesPerSec" : 4.313416123778501,
    "sentKBytesPerSec" : 2.462082654723127
  }
}