{
  "HTTP 要求: Step3: Change Avatar" : {
    "transaction" : "HTTP 要求: Step3: Change Avatar",
    "sampleCount" : 500,
    "errorCount" : 0,
    "errorPct" : 0.0,
    "meanResTime" : 17614.165999999997,
    "medianResTime" : 16961.0,
    "minResTime" : 595.0,
    "maxResTime" : 36662.0,
    "pct1ResTime" : 28083.700000000004,
    "pct2ResTime" : 30826.35,
    "pct3ResTime" : 35624.86000000001,
    "throughput" : 12.812628126281263,
    "receivedKBytesPerSec" : 14.020468573826363,
    "sentKBytesPerSec" : 8.721095511736367
  },
  "HTTP 要求: Step2: Profile" : {
    "transaction" : "HTTP 要求: Step2: Profile",
    "sampleCount" : 500,
    "errorCount" : 0,
    "errorPct" : 0.0,
    "meanResTime" : 5980.641999999997,
    "medianResTime" : 3126.5,
    "minResTime" : 83.0,
    "maxResTime" : 35117.0,
    "pct1ResTime" : 15966.5,
    "pct2ResTime" : 19725.899999999998,
    "pct3ResTime" : 30066.170000000002,
    "throughput" : 11.386409182000364,
    "receivedKBytesPerSec" : 12.293007534956276,
    "sentKBytesPerSec" : 6.2714206822736385
  },
  "Total" : {
    "transaction" : "Total",
    "sampleCount" : 1500,
    "errorCount" : 0,
    "errorPct" : 0.0,
    "meanResTime" : 23158.197333333366,
    "medianResTime" : 18454.0,
    "minResTime" : 83.0,
    "maxResTime" : 76409.0,
    "pct1ResTime" : 45461.90000000001,
    "pct2ResTime" : 48938.1,
    "pct3ResTime" : 70346.87000000001,
    "throughput" : 18.62382359514291,
    "receivedKBytesPerSec" : 17.605721238608428,
    "sentKBytesPerSec" : 9.990929615914677
  },
  "HTTP 要求: Step1: Login" : {
    "transaction" : "HTTP 要求: Step1: Login",
    "sampleCount" : 500,
    "errorCount" : 0,
    "errorPct" : 0.0,
    "meanResTime" : 45879.78400000004,
    "medianResTime" : 43578.0,
    "minResTime" : 35969.0,
    "maxResTime" : 76409.0,
    "pct1ResTime" : 51842.700000000004,
    "pct2ResTime" : 65165.29999999996,
    "pct3ResTime" : 74607.46,
    "throughput" : 6.485504896556197,
    "receivedKBytesPerSec" : 4.294113593618263,
    "sentKBytesPerSec" : 2.4510901728387053
  }
}