{
  "HTTP 要求: Step3: Change Avatar" : {
    "transaction" : "HTTP 要求: Step3: Change Avatar",
    "sampleCount" : 50,
    "errorCount" : 0,
    "errorPct" : 0.0,
    "meanResTime" : 3399.5599999999995,
    "medianResTime" : 3407.0,
    "minResTime" : 3234.0,
    "maxResTime" : 3548.0,
    "pct1ResTime" : 3522.1,
    "pct2ResTime" : 3542.35,
    "pct3ResTime" : 3548.0,
    "throughput" : 13.071895424836601,
    "receivedKBytesPerSec" : 14.251429738562091,
    "sentKBytesPerSec" : 8.897569444444445
  },
  "HTTP 要求: Step2: Profile" : {
    "transaction" : "HTTP 要求: Step2: Profile",
    "sampleCount" : 50,
    "errorCount" : 0,
    "errorPct" : 0.0,
    "meanResTime" : 117.20000000000002,
    "medianResTime" : 110.0,
    "minResTime" : 65.0,
    "maxResTime" : 281.0,
    "pct1ResTime" : 187.99999999999994,
    "pct2ResTime" : 196.7,
    "pct3ResTime" : 281.0,
    "throughput" : 78.125,
    "receivedKBytesPerSec" : 84.0301513671875,
    "sentKBytesPerSec" : 43.02978515625
  },
  "Total" : {
    "transaction" : "Total",
    "sampleCount" : 150,
    "errorCount" : 0,
    "errorPct" : 0.0,
    "meanResTime" : 3306.4066666666668,
    "medianResTime" : 3407.0,
    "minResTime" : 65.0,
    "maxResTime" : 6625.0,
    "pct1ResTime" : 6452.9,
    "pct2ResTime" : 6491.45,
    "pct3ResTime" : 6558.190000000001,
    "throughput" : 14.629864429922948,
    "receivedKBytesPerSec" : 13.790742648493124,
    "sentKBytesPerSec" : 7.827548949088071
  },
  "HTTP 要求: Step1: Login" : {
    "transaction" : "HTTP 要求: Step1: Login",
    "sampleCount" : 50,
    "errorCount" : 0,
    "errorPct" : 0.0,
    "meanResTime" : 6402.460000000001,
    "medianResTime" : 6443.0,
    "minResTime" : 6236.0,
    "maxResTime" : 6625.0,
    "pct1ResTime" : 6492.0,
    "pct2ResTime" : 6494.0,
    "pct3ResTime" : 6625.0,
    "throughput" : 7.5460307878056145,
    "receivedKBytesPerSec" : 4.996297728644732,
    "sentKBytesPerSec" : 2.8197394732870507
  }
}